9004A;Lorem ipsum dolor;A85;1000.125547;8524;-1411.1;Lorem ipsum
8014CD;Lorem ipsum dolor;B02;2000.125547;5524;-5551.1;Lorem ipsum
000014A;Lorem ipsum dolor;C001;85250.12555;8524;8914.41;Lorem ipsum
080044Z;Lorem ipsum dolor;B01;8251.155;854;894.47;Lorem ipsum